Title	Date	Content	URL	YouTube_Links
Նիկոլ Փաշինյանը շնորհավորել է Վահագն Խաչատուրյանին ծննդյան օրվա առիթով | 1in.am	22 Ապրիլ, 2025 17:00		https://www.1in.am/3557781.html	https://www.youtube.com/watch?v=SyU0HuDNvS4
photo_2025-04-22_16-57-05 | 1in.am			https://www.1in.am/3557782.html	
Գյումրիում սեքսուալ բռնության համար հետախուզվող 24-ամյա երիտասարդը հայտնաբերվել է | 1in.am	22 Ապրիլ, 2025 15:35		https://www.1in.am/3557784.html	https://www.youtube.com/watch?v=DJVHVezGqUI
photo_2025-04-22_17-11-14 | 1in.am			https://www.1in.am/3557785.html	
Մի գրության հիման վրա գործի քննությունը որակել որպես «փնթի»՝ արդար չէ․ Քննչական կոմիտեի նախագահ | 1in.am	22 Ապրիլ, 2025 15:45		https://www.1in.am/3557787.html	https://www.youtube.com/watch?v=Qg-zH2ybkv4
photo_2025-04-22_17-02-12 | 1in.am			https://www.1in.am/3557788.html	
