Title	Date	Content	YouTube_Links	URL
IQ մակարդակով Հայաստանը 9-րդն է աշխարհում | 1in.am	06 Հունվար, 2025 00:00	Ուկրաինան 2024 թվականին IQ մակարդակով եվրոպական երկրների շարքում վերջին տեղում է եղել: Այս մասին վկայում են IQ միջազգային ռեգիստրի տվյալները։ Նույն տվյալների համաձայն՝ Հայաստանը 9-րդն է աշխարհում։ Ընդհանուր առմամբ, 127 երկրների վարկանիշում Ուկրաինան զբաղեցրել է 78-րդ տեղը՝ 95,55 IQ գնահատականով թեստի արդյունքներով, որն անցել է գրեթե 90 հազար մարդ։ Չինաստանը զբաղեցրել է առաջին տեղը։ Միջին IQ-ն այնտեղ անցյալ տարի կազմել է 107,43 (հիմնված 117 հազար թեստի արդյունքների վրա)։ Միջին IQ-ն աշխարհում 100 է։ Հարկ է նշել, որ այս վարկանիշը պաշտոնական չէ և կախված է թեստը հանձնած մարդկանց թվից։ Այն թարմացվում է ամեն տարի՝ հունվարի 1-ին՝ նախորդ տարվա տվյալների հիման վրա:	https://www.youtube.com/watch?v=5MUL4sGH9jU	https://www.1in.am/3511901.html
«Կեսօրից առաջ և հետո» Սիրանույշ Պապյանի հետ | 1in.am	06 Հունվար, 2025 08:40		https://www.youtube.com/watch?v=5MUL4sGH9jU, https://www.youtube.com/watch?v=PXxEERUXnnU	https://www.1in.am/3511913.html
Հրդեհի ահազանգ Երևանի Արցախի պողոտայի տներից մեկում. դեպքի վայր է մեկնել չորս մարտական հաշվարկ | 1in.am	06 Հունվար, 2025 08:50	Հունվարի 6-ին՝ ժամը 00:43-ին, Ճգնաժամային կառավարման ազգային կենտրոն ահազանգ է ստացվել, որ Երևան քաղաքի Արցախի պողոտայի տներից մեկում հրդեհ է բռնկվել։ Այս մասին տեղեկացնում են ՆԳՆ Փրկարար ծառայությունից։ Դեպքի վայր են մեկնել ՆԳՆ ՓԾ Երևան քաղաքի փրկարարական վարչության հրշեջ-փրկարարական ջոկատներից չորս մարտական հաշվարկ, Հրդեհաշիջման և փրկարարական աշխատանքների կազմակերպման բաժնի օպերատիվ և Բժշկական ապահովման վարչության հերթապահ խմբերը։ Հրդեհը մեկուսացվել է ժամը 01։29-ին։	https://www.youtube.com/watch?v=5MUL4sGH9jU	https://www.1in.am/3511920.html
Խաղաղության պայմանագրի հեռանկարը 2025-ին | 1in.am	06 Հունվար, 2025 08:00	Կստորագրվի՞ արդյոք հայ-ադրբեջանական խաղաղության պայմանագիր 2025 թվականին: Այս հարցը, երևի թե, տարվա մեկնարկին կհնչի ավելի ու ավելի հաճախ: Բայց հարցը չունի այո կամ ոչ պատասխան: Որովհետև հայ-ադրբեջանական խաղաղության պայմանագրի ճակատագիրը կախված է ավելի լայն միջավայրում աշխարհաքաղաքական զարգացումների տրամաբանությունից: Անկասկած է, որ Ադրբեջանը չունի պայմանագիր ստորագրելու ցանկություն և մտադրություն: Միևնույն ժամանակ, ամեն գնով պայմանագիր ստորագրելը չի բխում նաև Հայաստանի շահից, որովհետև ամեն գնով ստորագրված պայմանագիրը ոչ մի կապ չի ունենալու խաղաղության հետ: Պայմանագիրը պետք է լինի հավասարակշռված բովանդակությամբ, որը կապահովի հավասարակշռության այնպիսի թե՛ երկկողմ, թե՛ նաև արտաքին մեխանիզմներ, որոնք թույլ կտան ստանալ շատ, թե՛ քիչ երաշխավորված պատկեր: Այսօր, սակայն, միջազգային հարաբերությունների համայնապատկերը թույլ չի տալիս իրատեսական համարել այդօրինակ հեռանկարը: Որևէ կերպ բացառված չէ, որ իքս պահից կարող է փոխվել պատկեր, հետևաբար կարող են փոխվել նաև նախադրյալներ, ընդ որում թե դրական, թե բացասական իմաստով: Այդ առումով, Հայաստանի համար, իհարկե, տարվա առաջնահերթությունը խաղաղության գործընթացի շարունակություն ապահովելն է, կրկնեմ՝ ոչ ամեն գնով, բայց չշեղվելով այդ ընդհանուր տրամաբանությունից: Այն կարող է չլինել էֆեկտիվ, որովհետև էֆեկտիվությունը բնականաբար կախված չէ միայն Հայաստանից: Սակայն, մյուս կողմից, Հայաստանը պետք է անի իրենից կախված առավելագույնը: Իսկ դա ենթադրում է նաև պետական ներուժի ավելացում, որովհետև վերջին հաշվով ցանկացած խաղաղություն դա առաջին հերթին ուժային բալանսի արտացոլում է, լինի արձանագրված, այսպես ասած փաստաթղթավորված, թե հարաբերական խաղաղություն: Ըստ այդմ, որպես պետություն, որպես հանրություն մեր գլխավոր հարցը ոչ թե այն է՝ կստորագրվի խաղաղության պայմանագիր, թե ոչ, այլ՝ կհաջողվի՞ Հայաստանին էական արդյունքներ ապահովել ուժերի բալանսի ձևավորման ուղղությամբ: Որովհետև հակառակ պարագայում Հայաստանը կմնա պարզապես այսպես ասած արտաքին բալանսի հույսին: Իսկ այդտեղ, կան և կարող են լինել մեզ համար թե նպաստավոր, թե վտանգավոր հեռանկարներ: Բախտի «քմահաճույքին» չմնալու համար Հայաստանը, իհարկե, պետք է առավելագույն արդյունավետությամբ իրականացնի իր անելիքը, առավելագույն արդյունավետությամբ և ամբողջականությամբ պատասխանի իր համար գլխավոր հարցերին:	https://www.youtube.com/watch?v=5MUL4sGH9jU	https://www.1in.am/3511907.html
Էլեկտրաէներգիայի պլանային անջատումներ | 1in.am	06 Հունվար, 2025 08:10	«Հայաստանի էլեկտրական ցանցեր» փակ բաժնետիրական ընկերությունը տեղեկացնում է, որ հունվարի 8-ին պլանային նորոգման աշխատանքներ իրականացնելու նպատակով ժամանակավորապես կդադարեցվի հետևյալ հասցեների էլեկտրամատակարարումը` Երևան քաղաք՝ 11:00-14:00 Սարմի փողոց, 11:00-17:00 Շերամի փ. 11, 13, 19, 21 շենքեր և հարակից ոչ բնակիչ-բաժանորդներ, Կոտայքի մարզ՝ 11։00-17։00 Վերին Պտղնի և Ներքին Պտղնի գյուղեր, Տավուշի մարզ՝ 11:00-14:00 Իջևանի տարածաշրջան՝ Գանձաքար գյուղ և հարակից ոչ բնակիչ-բաժանորդներ, Շիրակի մարզ` 12:00-15:30 Արթիկ քաղաք՝ Բաղրամյան, Անկախության, Շինարարների, Աբովյան և Տոնականյան փողոցներ։ «Հայաստանի էլեկտրական ցանցեր» ընկերությունը նաև տեղեկացնում է, որ պետական «Բարձրավոլտ էլեկտրական ցանցեր» ընկերությանը պատկանող Զովունի 220/110/10 կՎ ենթակայանում իրականացվող աշխատանքներով պայմանավորված հնարավոր են էլեկտրամատակարարման ընդհատումներ Երևանի Դավթաշեն վարչական շրջանում և Զովունի գյուղում: Սպառած էլեկտրաէներգիայի, անջատումների, Ձեր իրավունքներին կամ պարտականություններին վերաբերող, ինչպես նաև այլ հարցերի առնչությամբ կարող եք զանգահարել 1-80 և 0 8000 0 180 շուրջօրյա գործող հեռախոսահամարներով: «Հայաստանի էլեկտրական ցանցեր» ընկերությունը հորդորում է հետևել էլեկտրաանվտանգության կանոններին:	https://www.youtube.com/watch?v=5MUL4sGH9jU	https://www.1in.am/3511904.html
Live. «Առաջին լրատվական» տեղեկատվական-վերլուծական կենտրոն | 1in.am	06 Հունվար, 2025 08:20		https://www.youtube.com/watch?v=5MUL4sGH9jU, https://www.youtube.com/watch?v=548g7-MN_ZA	https://www.1in.am/3511910.html
Լարսը փակ է բոլոր տեսակի տրանսպորտային միջոցների համար | 1in.am	06 Հունվար, 2025 08:30	Ստեփանծմինդա-Լարս ավտոճանապարհը փակ է բոլոր տեսակի տրանսպորտային միջոցների համար։ Այս մասին հայտնում են Հայաստանի ՆԳ փրկարար ծառայությունց՝ հղում անելով Վրաստանի ՆԳՆ ԱԻ դեպարտամենտից և ՌԴ ԱԻՆ Հյուսիսային Օսիայի ճգնաժամային կառավարման կենտրոնից ստացված տեղեկատվությանը։ 	https://www.youtube.com/watch?v=5MUL4sGH9jU	https://www.1in.am/3511917.html
Օդի ջերմաստիճանը կբարձրանա | 1in.am	06 Հունվար, 2025 09:15	Երևանում հունվարի 6-ի գիշերը սպասվում է ձյուն։ Հունվարի 6-ի ցերեկը, 7-10-ին սպասվում է առանց տեղումների եղանակ: Մարզերում հունվարի 6-ի ցերեկը, 7-10-ին սպասվում է առանց տեղումների եղանակ: Քամին` հյուսիսարևմտյան 2-4մ/վ։ Օդի ջերմաստիճանը հունվարի 6-ի գիշերը կբարձրանա՝ 6-8 աստիճանով, 7-8-ի գիշերը կնվազի` 7-10 աստիճանով։	https://www.youtube.com/watch?v=5MUL4sGH9jU	https://www.1in.am/3511923.html
60 | 1in.am			https://www.youtube.com/watch?v=5MUL4sGH9jU	https://www.1in.am/3511908.html
Սուրբ Ծննդյան Հայրապետական Պատարագ | 1in.am	06 Հունվար, 2025 10:20		https://www.youtube.com/watch?v=5MUL4sGH9jU, https://www.youtube.com/watch?v=ccbh6-IRH4M	https://www.1in.am/3511926.html
1 | 1in.am			https://www.youtube.com/watch?v=5MUL4sGH9jU	https://www.1in.am/3511911.html
60 | 1in.am			https://www.youtube.com/watch?v=5MUL4sGH9jU	https://www.1in.am/3511924.html
60 | 1in.am			https://www.youtube.com/watch?v=5MUL4sGH9jU	https://www.1in.am/3511905.html
lars4 | 1in.am			https://www.youtube.com/watch?v=5MUL4sGH9jU	https://www.1in.am/3511918.html
70 | 1in.am			https://www.youtube.com/watch?v=5MUL4sGH9jU	https://www.1in.am/3511902.html
2 | 1in.am			https://www.youtube.com/watch?v=5MUL4sGH9jU	https://www.1in.am/3511914.html
60 | 1in.am			https://www.youtube.com/watch?v=5MUL4sGH9jU	https://www.1in.am/3511930.html
60 | 1in.am			https://www.youtube.com/watch?v=5MUL4sGH9jU	https://www.1in.am/3511933.html
Հրդեհ Երևանում. կա երկու զոհ | 1in.am	06 Հունվար, 2025 09:45	Հունվարի 6-ին, ժամը 06:21-ին Ճգնաժամային կառավարման ազգային կենտրոն ահազանգ է ստացվել, որ հրդեհ է բռնկվել Երևան քաղաքի Արարատյան փողոցի թիվ 90 շենքի բնակարաններից մեկում․ ներսում կան քաղաքացիներ։ Դեպքի վայր է մեկնել ՆԳՆ ՓԾ Երևան քաղաքի փրկարարական վարչության հրշեջ-փրկարարական ջոկատից երկու մարտական հաշվարկ: Պարզվել է, որ հրդեհը բռնկվել է երկհարկանի բնակարանում։ Հրդեհը մեկուսացվել է ժամը 06:55-ին, մարվել՝ 07:50-ին։ Այրվել են բնակարանի 1-ին հարկի հյուրասենյակը (մոտ 30 քմ), միջանցքը՝ մասամբ (մոտ 15 քմ) և 2-րդ հարկը (մոտ 40 քմ): 2-րդ հարկում հայտնաբերվել են Ա․ Բ․-ի (ծնված 1951 թ.) և Լ․ Հ․-ի (ծնված 1981 թ.) դիերը:	https://www.youtube.com/watch?v=5MUL4sGH9jU	https://www.1in.am/3511929.html
1 | 1in.am			https://www.youtube.com/watch?v=5MUL4sGH9jU	https://www.1in.am/3511927.html
lars4 | 1in.am			https://www.youtube.com/watch?v=5MUL4sGH9jU	https://www.1in.am/3511936.html
60 | 1in.am			https://www.youtube.com/watch?v=5MUL4sGH9jU	https://www.1in.am/3511921.html
1 | 1in.am			https://www.youtube.com/watch?v=5MUL4sGH9jU	https://www.1in.am/3511939.html
«Կեսօրից առաջ և հետո» Սիրանույշ Պապյանի հետ | 1in.am	06 Հունվար, 2025 10:30		https://www.youtube.com/watch?v=wNpXESF3iKg, https://www.youtube.com/watch?v=5MUL4sGH9jU	https://www.1in.am/3511938.html
Լարսը փակ է | 1in.am	06 Հունվար, 2025 10:45	Վրաստանի ՆԳՆ ԱԻ դեպարտամենտից և ՌԴ ԱԻՆ Հյուսիսային Օսիայի ճգնաժամային կառավարման կենտրոնից ստացված տեղեկատվության համաձայն՝ Ստեփանծմինդա-Լարս ավտոճանապարհը փակ է բոլոր տեսակի տրանսպորտային միջոցների համար։	https://www.youtube.com/watch?v=5MUL4sGH9jU	https://www.1in.am/3511935.html
Մի շարք ճանապարհների ձյուն է տեղում | 1in.am	06 Հունվար, 2025 10:24	Փրկարար ծառայությունը տեղեկացնում է, որ ՀՀ տարածքում կա փակ ավտոճանապարհ: Փակ է Արագածոտնի մարզում «Ամբերդ» բարձր լեռնային օդերևութաբանական կայանից Քարի լիճ տանող ավտոճանապարհը: Վարդենյաց լեռնանցքը դժվարանցանելի է բոլոր տեսակի տրանսպորտային միջոցների համար։ Աշոցքի տարածաշրջանում, Հրազդան, Չարենցավան, Եղվարդ, Սևան, Վարդենիս, Ճամբարակ քաղաքներում, Տիգրանաշենի ոլորաններում, «Մեղրու սար» և Գորայք-«Զանգեր» կոչվող հատվածներում տեղում է ձյուն։ Վարորդներին խորհուրդ է տրվում երթևեկել բացառապես ձմեռային անվադողերով։	https://www.youtube.com/watch?v=5MUL4sGH9jU	https://www.1in.am/3511932.html
2024թ. քանի՞ գիրք է ձեռք բերել ՄԻՊ աշխատակազմը | 1in.am	06 Հունվար, 2025 11:00	Radar Armenia-ի հարցմանն ի պատասխան մարդու իրավունքների պաշտպանի գրասենյակից հայտնել են, որ 2024թ. ընթացքում ձեռք է բերվել 10 գիրք։ Դրանք գնվել են որպես ներկայացուցչական նվերներ:	https://www.youtube.com/watch?v=5MUL4sGH9jU	https://www.1in.am/3511945.html
«Քրիստոս ծնավ և հայտնեցավ». այսօր Սուրբ Ծննդյան տոնն է | 1in.am	06 Հունվար, 2025 10:10	Հայ Առաքելական եկեղեցին այսօր նշում է Հիսուս Քրիստոսի Սուրբ Ծննդյան տոնը։ Հայ առաքելական եկեղեցին այսօր նշում է Հիսուս Քրիստոսի Սուրբ Ծննդյան տոնը։ Սուրբ Ծնունդը նաև կոչվում է Աստվածհայտնություն, այսինքն՝ Քրիստոսի ծնունդով Աստված հայտնվեց աշխարհին: Ըստ եկեղեցու սրբազան ավանդության՝ Քրիստոս 30 տարի հետո իր ծննդյան օրը մկրտվեց Հորդանան գետում: Եվ ուրեմն՝ հունվարի 6-ը նաև Քրիստոսի մկրտության օրն է: Աստված մարդացավ և հայտնվեց մարդկանց: Քրիստոսի մկրտության ժամանակ Հայր Աստված վկայում է. «Դա է իմ սիրելի Որդին, որն ունի իմ ամբողջ բարեհաճությունը» (Մատթ. 3:17, Մարկ. 1:11, Ղուկ. 3:22) և Սուրբ Հոգին աղավնակերպ իջնում է Քրիստոսի վրա: Տեղի է ունենում երկրորդ աստվածահայտնությունը: Հայ եկեղեցում Սուրբ Ծնունդը և Աստվածահայտնությունը օրացուցային տարվա առաջին տոնն է։ Եկեղեցիներում հունվարի 6-ի առավոտյան մատուցվում է Սուրբ Պատարագ, որից հետո` կատարվում է Ջրօրհնեքի կարգ (ըստ ավանդույթի` խաչը ջուրն իջեցնելը խորհրդանշում է Հիսուսի Հորդանան գետը մտնելը): Պատարագիչը խաչով, ապա մյուռոնով օրհնում է ջուրը և հավատացյալներն այդ ջրից տուն են տանում, որպես օրհնություն ու բուժիչ դեղ հիվանդների համար: Քրիստոսի Սուրբ Ծննդյան և Աստվածահայտնության տոնի առիթով մարդիկ միմյանց ավետիս են տալիս` ասելով. «Քրիստոս ծնավ և հայտնեցավ», որի պատասխանն է` «Օրհնյալ է հայտնությունը Քրիստոսի»:	https://www.youtube.com/watch?v=5MUL4sGH9jU	https://www.1in.am/3511941.html
60 | 1in.am			https://www.youtube.com/watch?v=5MUL4sGH9jU	https://www.1in.am/3511942.html
Երևանում 2025 թվականին նախատեսվում է արդիականացնել 28 փողոցի արտաքին լուսավորությունը | 1in.am	06 Հունվար, 2025 11:30	Երևան քաղաքի արտաքին լուսավորության արդիականացման շրջանակներում 2025 թվականին կշարունակվի սերվերային կառավարման համակարգի հանգուցային մոդուլների տեղադրումը: Այս մասին հայտնում են Երևանի քաղաքապետարանից՝ նշելով, որ 2025 թվականին նախատեսվում է տեղադրել 560 հանգուցային մոդուլ: Որի արդյունքում հնարավոր է անհատական կառավարում՝ լուսատուների մթեցման հնարավորություն 10-100%-ի միջակայքում: 2025 թվականին Վերակառուցման և զարգացման եվրոպական բանկի (ՎԶԵԲ) աջակցությամբ նախատեսվում է արդիականացնել 28 փողոցի արտաքին լուսավորությունը: Արդյունքում, Երևան քաղաքը կունենա առավել էներգախնայող, արդյունավետ և կառավարելի լուսավորության համակարգ:	https://www.youtube.com/watch?v=5MUL4sGH9jU	https://www.1in.am/3511951.html
70 | 1in.am			https://www.youtube.com/watch?v=5MUL4sGH9jU	https://www.1in.am/3511949.html
Live. «Առաջին լրատվական» տեղեկատվական-վերլուծական կենտրոն | 1in.am	06 Հունվար, 2025 12:00		https://www.youtube.com/watch?v=5MUL4sGH9jU, https://www.youtube.com/watch?v=nMAEhZZMO00	https://www.1in.am/3511960.html
60 | 1in.am			https://www.youtube.com/watch?v=5MUL4sGH9jU	https://www.1in.am/3511946.html
60 | 1in.am			https://www.youtube.com/watch?v=5MUL4sGH9jU	https://www.1in.am/3511952.html
Ձյան առատ տեղումներ 4 մարզերում. արգելափակումից դուրս է բերվել 8 ավտոմեքենա | 1in.am	06 Հունվար, 2025 12:15	Հունվարի 5-6-ը ՆԳՆ ՓԾ Վայոց ձորի, Արագածոտնի, Արարատի և Շիրակի մարզային փրկարարական վարչությունների ճգնաժամային կառավարման կենտրոններ ահազանգեր են ստացվել ձյան առատ տեղումների հետևանքով արգելափակված ավտոմեքենաների վերաբերյալ: Մասնավորապես՝ Աշտարակ, Ապարան, Հրազդան, Ջերմուկ քաղաքներում։ Դեպքի վայր ժամանած փրկարարներն արգելափակումից դուրս են բերել 8 ավտոմեքենա և 19 քաղաքացու ցուցաբերել համապատասխան օգնություն։	https://www.youtube.com/watch?v=5MUL4sGH9jU	https://www.1in.am/3511957.html
Կանադայի վարչապետը պատրաստվում է հրաժարական տալ. Reuters | 1in.am	06 Հունվար, 2025 11:15	Կանադայի վարչապետ Ջասթին Թրյուդոն, հավանաբար, շուտով կհայտարարի հրաժարական տալու մասին։ Այս տեղեկությունը Reuters-ը փոխանցում է իր աղբյուրից։ Թեպետ Թրյուդոն դեռ պաշտոնապես չի հաստատել իր հրաժարականը, աղբյուրը նշում է, որ նա պատրաստվում է շուտով հրաժարվել պաշտոնից։ Ակնկալվում է, որ նա իր որոշումը կհայտարարի չորեքշաբթի օրը՝ լիբերալ օրենսդիրների արտակարգ նիստից առաջ։ Թրյուդոյի հրաժարականը կթողնի կուսակցությունը առանց մշտական ղեկավարի, երբ հարցումները ցույց են տալիս, որ լիբերալները կարող են պարտվել պահպանողականներին՝ հոկտեմբերի վերջին կայանալիք ընտրություններում։	https://www.youtube.com/watch?v=5MUL4sGH9jU	https://www.1in.am/3511948.html
Սուրբծննդյան նախաճաշ. վարչապետը տեսանյութ է հրապարակել | 1in.am	06 Հունվար, 2025 11:50	ՀՀ վարչապետ Նիկոլ Փաշինյանը տեսանյութ է հրապարակել իր Ֆեյսբուքի էջում և կից գրառում արել. «Սուրբծննդյան նախաճաշ»:	https://www.youtube.com/watch?v=5MUL4sGH9jU	https://www.1in.am/3511954.html
60 | 1in.am			https://www.youtube.com/watch?v=5MUL4sGH9jU	https://www.1in.am/3511955.html
60 | 1in.am			https://www.youtube.com/watch?v=5MUL4sGH9jU	https://www.1in.am/3511958.html
2 | 1in.am			https://www.youtube.com/watch?v=5MUL4sGH9jU	https://www.1in.am/3511964.html
60 | 1in.am			https://www.youtube.com/watch?v=5MUL4sGH9jU	https://www.1in.am/3511967.html
1 | 1in.am			https://www.youtube.com/watch?v=5MUL4sGH9jU	https://www.1in.am/3511961.html
Երևանում 50 կմ փողոց է միջին նորոգման ենթարկվել | 1in.am	06 Հունվար, 2025 12:30	2024թ. ընթացքում Երևան քաղաքում կատարվել են մոտ 50 կմ երկարությամբ փողոցների և ճանապարհների միջին նորոգման աշխատանքներ. Radar Armenia-ի հարցմանն ի պատասխան հայտնել են Երևանի քաղաքապետարանից։	https://www.youtube.com/watch?v=5MUL4sGH9jU	https://www.1in.am/3511966.html
«Բրուտալիստ»-ը՝ մի քանի «Ոսկե գլոբուս»-ի մրցանակակիր. հայտնի են մրցանակաբաշխության հաղթողները | 1in.am	06 Հունվար, 2025 15:45	«Ոսկե գլոբուս» մրցանակաբաշխությունը, որը կինոաշխարհի ամենասպասված իրադարձություններից է, 2025-ի հունվարի 5-ին անցկացվել է 82-րդ անգամ՝ արժևորելով ոլորտի ներկայացուցիչների կատարած աշխատանքը: Մրցանակաբաշխությանը մի քանի անվանակարգում մրցանակի է արժանացել Բրեյդի Քորբեթի «Բրուտալիստ»-ը: Այն հաղթել է «Լավագույն ֆիլմ՝ դրամա» անվանակարգում, Էդրիեն Բրոուդին հաղթել է «Լավագույն դերասան» անվանակարգում, ֆիլմի ռեժիսոր Բրեդի Քորբեթն արժանացել է «Լավագույն ռեժիսոր» մրցանակին։ «Լավագույն ֆիլմ՝ մյուզիքլ կամ կատակերգություն» անվանակարգում մրցանակի է արժանացել ֆրանսիացի ռեժիսոր Ժակ Օդիարի «Էմիլիա Պերես» կինոնկարը: Այն նաև լավագույն օտարալեզու ֆիլմ է ճանաչվել: «Լավագույն կին դերասան» անվանակարգում էլ հաղթել է ֆիլմի դերակատար Զոի Սալդանան: «Էմիլիա Պերես»-ը ներառված է եղել տասը անվանակարգում: «Լավագույն երգ» անվանակարգում հաղթել կինոնկարի «Էլ Մալ» երգը: Լավագույն անիմացիոն ֆիլմ է դարձել «Հոսք»-ը, որը 2024-ին ցուցադրվել է Երևանում «ՌեԱ» փառատոնի շրջանակում: «Լավագույն կին դերասան՝ դրամա» անվանակարգում «Ոսկե գլոբուս»-ի է արժանացել Ֆերնանդա Տորեսը «Ես դեռ այստեղ եմ» ֆիլմի համար: «Լավագույն սցենար» անվանակարգում հաղթել է Պիտեր Ստրաուգանը` գերմանացի ռեժիսոր Էդվարդ Բերգերի «Կոնկլավ» ֆիլմի համար։ «Կին դերասան, կատակերգություն կամ մյուզիքլ» անվանակարգում «Ոսկե գլոբուս»-ը տրվել է Դեմի Մուրին «Սուբստանցիա» ֆիլմի համար: Բոլոր անվանակարգերում հաղթողների անունները կարող եք գտնել այստեղ։	https://www.youtube.com/watch?v=5MUL4sGH9jU	https://www.1in.am/3511978.html
«Կեսօրից առաջ և հետո» Սիրանույշ Պապյանի հետ | 1in.am	06 Հունվար, 2025 11:45		https://www.youtube.com/watch?v=5MUL4sGH9jU, https://www.youtube.com/watch?v=eZT_OwKhZ1Q	https://www.1in.am/3511963.html
Բաքուն ուզում է սահմանազատում, թե՞ Թուրքիայի ներկայացուցիչներ Հայաստանում | 1in.am	07 Հունվար, 2025 08:00	2025 թվականի էական արտաքին քաղաքական հարցերից մեկը, անշուշտ, լինելու է այն, թե ինչ որոշում կկայացվի Հայաստանում ԵՄ դիտորդական առաքելության տեղակայման ժամկետի առնչությամբ: Ընդ որում՝ էական հարցը այն չէ՝ կմնա՞ն դիտորդները, թե՞ ոչ: Էական հարցն այն է, թե ինչ պայմաններով կմնան դիտորդները, այդ որոշման հարցում ի՞նչ սուբյեկտներ կլինեն ներգրավված՝ Հայաստանից ու ԵՄ-ից բացի: Անկասկած է, որ Ադրբեջանն ակտիվ ջանք է գործադրում այդ հարցում ներգրավված լինելու ուղղությամբ: Դրանով է պայմանավորված, որ Բաքուն դնում է ԵՄ դիտորդներին հայ-ադրբեջանական սահմանից հեռացնելու պահանջը, որպես խաղաղության պայմանագրի ստորագրման պայման: Խոսքը, իհարկե, ընդհանրապես երրորդ երկրների ներկայությունը հայ-ադրբեջանական սահմանին բացառելու մասին է: Ադրբեջանի այդ դիրքորոշումը կամ ստեղծում է փակուղային վիճակ, կամ դառնալու է Ադրբեջանի հետ որևէ կերպ պայմանավորվելու պատճառ: Իսկ այստեղ արդեն կարող է առաջանալ Թուրքիայի հարցը, երբ Բաքուն դիտորդների տեղակայմանը համաձայնի, եթե առաքելության կազմում լինեն նաև Թուրքիայի ներկայացուցիչներ: Ինչպես արդեն առիթ եմ ունեցել ասելու՝ դրա այսպես ասած իրավական, տեխնիկական հնարավորությունը ԵՄ դիտորդական առաքելության մասին համաձայնագիրն ունի: Ինչպե՞ս կվերաբերի դրան ԵՄ դիտորդական առաքելության առանցքային դերակատարներից մեկը՝ Ֆրանսիան: Ակնառու է, որ այդ հարցում Հայաստանին սպասում է բարդ քաղաքական հանգույց: Երևանը փորձում է այդտեղ մանևրել հայտնի առաջարկով՝ դիտորդներին հեռացնել սահմանի այն հատվածներից, որոնք կլինեն սահմանագծված և սահմանազատված: Այսօր այդպիսի հատված, այն էլ մեծ վերապահումով, հնարավոր է համարել Կիրանցի հատվածը: Երևանը գուցե փորձում է այդ կերպ Ադրբեջանին մղել սահմանազատման և սահմանագծման, այսպես ասած՝ շահագրգռելով գնալ այդ գործընթացին, եթե Բաքուն ուզում է, որպեսզի սահմանին չլինեն դիտորդներ: Բայց այստեղ է նաև վերը նշածս ինտրիգը՝ Բաքուն իրապես ուզում է, որ դիտորդներ չլինե՞ն, թե նրանց կազմում լինեն Թուրքիայի ներկայացուցիչներ: Բոլոր դեպքերում ակնառու է, որ Ադրբեջանի վարքագիծը բացարձակապես ապակառուցողական է, ու Երևանին դրա դեմ մենակ թողնելը որևէ կերպ չի կարող նպաստել խաղաղության օրակարգին:	https://www.youtube.com/watch?v=5MUL4sGH9jU	https://www.1in.am/3511972.html
70 | 1in.am			https://www.youtube.com/watch?v=5MUL4sGH9jU	https://www.1in.am/3511973.html
70 | 1in.am			https://www.youtube.com/watch?v=5MUL4sGH9jU	https://www.1in.am/3511970.html
ՌԴ զինված ուժերը վերահսկողության տակ են վերցրել Կուրախովո քաղաքը | 1in.am	06 Հունվար, 2025 12:45	Ռուսաստանի Դաշնության զինված ուժերի «Հարավային» զորքերի ստորաբաժանումները վերահսկողության տակ են վերցրել Դոնբասի Կուրախովո քաղաքը: Այս մասին հայտնում է ՌԴ պաշտպանության նախարարությունը: Գերատեսչության փոխանցմամբ՝ Կուրախովո քաղաքը հանդիսանում է Դոնբասի հարավ-արևմտյան հատվածի ամենաբնակեցված քաղաքը:	https://www.youtube.com/watch?v=5MUL4sGH9jU	https://www.1in.am/3511969.html
70 | 1in.am			https://www.youtube.com/watch?v=5MUL4sGH9jU	https://www.1in.am/3511979.html
ԱՄՆ մի քանի նահանգներում ձմեռային ուժեղ փոթորիկ է | 1in.am	06 Հունվար, 2025 22:45	ԱՄՆ մի քանի նահանգներում արտակարգ դրություն է հայտարարվել հզոր ձմեռային փոթորկի պատճառով։ Փոթորիկը շարժվում է դեպի Ատլանտյան օվկիանոս, և Վաշինգտոնում սպասվում են ձյան առատ տեղումներ ու ցրտեր։ Ազգային օդերևութաբանական ծառայությունը հայտնել է, որ Կանզասում և Միսուրիի հյուսիս-արևմտյան որոշ շրջաններում ձնաբքի պատճառով ճանապարհները ծածկվել են ձյունով և սառույցով։ Պաշտոնյաները բնակիչներին կոչ են արել խուսափել ճանապարհորդություններից։ Կանզաս Սիթիում վերջին 32 տարվա ընթացքում ամենաուժեղ ձյունն է տեղացել՝ ավելի քան մեկ ոտնաչափ (30-40 սմ): Չնայած փոթորկը դանդաղ շարժվում է դեպի արևելք, իրավիճակը շարունակում է ծանր մնալ Կանզասում և Միսուրիում։ Երկուշաբթի օրը ԱՄՆ Կոնգրեսը պետք է հավաքվի և պաշտոնապես հաստատի Դոնալդ Թրամփի ընտրվելը որպես նախագահ։ Ներկայացուցիչների պալատի հանրապետական խոսնակ Մայք Ջոնսոնը Fox News-ին ասել է, որ եղանակը չի խանգարի օրենսդիրներին կատարել իրենց պարտականությունները։	https://www.youtube.com/watch?v=5MUL4sGH9jU	https://www.1in.am/3511981.html
Մակրոնը կբացի՞ ֆրանսիական հյուպատոսություն Սյունիքում | 1in.am	08 Հունվար, 2025 08:00	Էմանուել Մակրոնին Նիկոլ Փաշինյանի տարեվերջյան շնորհավորական ուղերձում նրան 2025 թվականին Հայաստանում հյուրընկալելու ակնկալիքն առաջացրեց հարց, թե արդյո՞ք ի վերջո պաշտոնական կամ պետական այցով Հայաստան կժամանի Ֆրանսիայի նախագահը: Սակայն 2025 թվականի համար, թերևս, կա մեկ այլ էական հարց՝ ի վերջո Սյունիքում կբացվի՞ Ֆրանսիայի գլխավոր հյուպատոսություն, որի մտադրության մասին Փարիզը հայտարարեց դեռևս 2023 թվականի ապրիլին, երբ Հայաստան էր ժամանել Ֆրանսիայի արտգործնախարար Կատրին Կոլոնան: Տվյալ հարցը ունի բավականին էական աշխարհաքաղաքական նշանակություն: Այն իհարկե չպետք է գերագնահատվի, սակայն միևնույն ժամանակ, ինչպես բազմիցս առիթ եմ ունեցել ասելու, Սյունիքի անվտանգության միջավայրի ձևավորումը պետք է կախված լինի տնտեսական, քաղաքական, դիվանագիտական, պաշտպանական բաղադրիչների համադրված, այսպես ասած համաչափ «ինտեգրված» ճարտարապետությունից: Ինչպես արդեն հայտնի է, Կապանում գործում է Իրանի գլխավոր հյուպատոսությունը: Հյուպատոսություն բացելու ցանկություն են արտահայտել թե Ֆրանսիան, թե Ռուսաստանը: Մոսկվան շաբաթներ առաջ հայտարարեց, թե սպասում են Հայաստանի պատասխանին: Ինչին է սպասում Ֆրանսիան, հայտնի չէ: Հայաստանի արտգործնախարարը ամիսներ առաջ հայտարարել է, որ կան այլ երկրներ էլ, որոնք արտահայտել են Սյունիքում հյուպատոսություն հիմնելու ցանկություն կամ միտք, թեև չկա կոնկրետ գործընթաց: Թե որ երկրների մասին է խոսքը, արտգործնախարարը չի մանրամասնել, սակայն այդուհանդերձ արդեն իսկ պաշտոնապես իրենց մտադրության մասին հայտարարած երկրների պարագայում բնականաբար հնչում է նաև հարցը, թե ե՞րբ տեղի կունենա այդ առաքելության հիմնումը: Հնարավո՞ր է, որ զուգորդվեն Ֆրանսիայի նախագահի այցն ու Սյունիքում ֆրանսիական հյուպատոսության բացումը: Հասկանալի է, որ այստեղ խնդիրը լինելով հայ-ֆրանսիական երկկողմ հարաբերության տիրույթում, լայն իմաստով, իհարկե, գլոբալ քաղաքականության հարթության մեջ է: Բոլորովին բացառելի չէ, որ հարցը կախված է նաև նրանից, թե ինչպիսին կլինի Փարիզ-Թբիլիսի հարաբերության ընթացքը, ինչպես նաև՝ արդյո՞ք կայուն երկխոսություն կձևավորվի Փարիզի ու Թեհրանի միջև: Ֆրանսիան, թերևս, նպատակահարմար չի գտնի Հայաստանում «կղզիանալը», որը կավելացնի պատասխանատվություն՝ սուղ հնարավորությունների պայմաններում: Ըստ այդմ՝ Սյունիքում հյուպատոսարանի կառուցումը գուցե պայմանավորված է լինելու այն հանգամանքից, թե ինչպիսի հարաբերություն կկառուցի Փարիզը Վրաստանի և Իրանի հետ:	https://www.youtube.com/watch?v=5MUL4sGH9jU	https://www.1in.am/3511975.html
60 | 1in.am			https://www.youtube.com/watch?v=5MUL4sGH9jU	https://www.1in.am/3511976.html
Էլինա Ավանեսյանը հաղթանակով է մեկնարկել Հոբարթի մրցաշարում | 1in.am	06 Հունվար, 2025 17:30	Պրոֆեսիոնալ թենիսիստ Էլինա Ավանեսյանը հաղթանակով է մեկնարկել WTA-ի Հոբարթի մրցաշարում: Կանանց մենախաղի մեկնարկային փուլում Էլինա Ավանեսյանը մրցել է Չինաստանի ներկայացուցիչ Վան Սիյուի հետ: 1 ժամ 35 րոպե ձգված մրցախաղում` Ավանեսյանը հաղթել է երկու սեթում`6:3, 7:5 հաշվով: Քառորդ եզրափակիչում Ավանեսյանի մրցակիցն աշխարհի 95-րդ ռակետ, Բելգիան ներկայացնող Գրիտ Մինենն է: Էլինա Ավանեսյանը 2024 թվականի օգոստոսից հանդես է գալիս Հայաստանի դրոշի ներքո։	https://www.youtube.com/watch?v=5MUL4sGH9jU	https://www.1in.am/3511986.html
Ամանորյա լավագույն երգերը, որոնք ստեղծում են տոնական մթնոլորտ | 1in.am	06 Հունվար, 2025 18:30	Ամանորի  ընթացքում պարբերաբար եթերում ու տներում հնչում են ժողովրդական և դասական ամանորյա երգեր, որոնք ստեղծում են տոնական մթնոլորտ։ Այդ երգերը, որոնք արդեն դարձել են Սուրբ Ծննդի խորհրդանիշներ, նպաստում են տոնական տրամադրության ձևավորմանը և դառնում ցանկացած տոնակատարության անբաժանելի մասը։ Մարայա Քերիի «All I Want for Christmas Is You»-ն առաջին տեղում է, Երկրորդ տեղում է  Wham!-ի «Last Christmas»-ը, իսկ երրորդ տեղում՝The Pogues–ի և Քրիստի Մքոլի համատեղ «Fairytale of New York»-ը։ Այս երգերը դարձել են Սուրբ ծննդի անփոխարինելի մասնիկները, և դուք կարող եք լսել դրանք գրեթե բոլոր տոնական հավաքույթներում։	https://www.youtube.com/watch?v=5MUL4sGH9jU	https://www.1in.am/3511992.html
70 | 1in.am			https://www.youtube.com/watch?v=5MUL4sGH9jU	https://www.1in.am/3511982.html
70 | 1in.am			https://www.youtube.com/watch?v=5MUL4sGH9jU	https://www.1in.am/3511993.html
ԱՄՆ-ն ցանկանում է ավարտել բանակցություններն Իսրայելի և «ՀԱՄԱՍ»-ի միջև երկու շաբաթվա ընթացքում | 1in.am	06 Հունվար, 2025 23:30	ԱՄՆ նախագահ Ջո Բայդենի վարչակազմը ցանկանում է, որ Իսրայելի և պաղեստինյան «ՀԱՄԱՍ» շարժման միջև հրադադարի և պատանդների վերադարձի շուրջ բանակցություններն ավարտվեն առաջիկա երկու շաբաթվա ընթացքում։ Ինչպես հաղորդում է  «ՏԱՍՍ»-ը, այս մասին Կորեայի Հանրապետության արտաքին գործերի նախարարի հետ բանակցություններից հետո կայացած մամուլի ասուլիսում հայտարարել է ԱՄՆ պետքարտուղար Էնթոնի Բլինքենը։ Հունվարի 5-ին Reuters-ը, վկայակոչելով «ՀԱՄԱՍ»-ի ներկայացուցչին, հայտնել էր, որ շարժումը հաստատել է 34 պատանդների անունների ցուցակը, որոնց արմատականները պատրաստ են ազատ արձակել Գազայի հատվածի համաձայնագրի շրջանակներում։ «Եթե վերջնական գիծը չհատվի երկու շաբաթվա ընթացքում, ես վստահ եմ, որ դրանք մի օր կավարտվեն, ավելի շուտ, քան ուշ», – հավելել է Բլինքենը:	https://www.youtube.com/watch?v=5MUL4sGH9jU	https://www.1in.am/3511989.html
60 | 1in.am			https://www.youtube.com/watch?v=5MUL4sGH9jU	https://www.1in.am/3511987.html
Գերմանիան և Ֆրանսիան պայմաններ են սահմանել սիրիական իշխանություններին ֆինանսական օգնության համար | 1in.am	06 Հունվար, 2025 18:45	Գերմանիան ֆինանսական օգնություն կտրամադրի Սիրիային միայն այն դեպքում, եթե երկրի նոր իշխանությունները հարգեն կանանց ու փոքրամասնությունների իրավունքները։ Այդ մասին Tagesthemen-ի եթերում հայտարարել է Գերմանիայի արտգործնախարար Անալենա Բերբոքը։ Նա նշել է, որ Բեռլինը չի պատրաստվում աջակցել «իսլամիստական կառույցներին» և Սիրիան լքած միլիոնավոր կրթված քաղաքացիներ երբեք չեն վերադառնա իրենց հայրենիք, եթե կանայք ապահով չլինեն։ Գերմանիայի արտգործնախարարն առաջարկել է ռուսական ռազմաբազաները հեռացնել Սիրիայի Լաթաքիա նահանգից։ Նա նաև կոչ է արել ստեղծել ներառական կառավարություն, որը կներառի կանանց և էթնիկ փոքրամասնություններին: Բերբոքի հետ Դամասկոս է ժամանել նաև Ֆրանսիայի արտգործնախարար Ժան-Նոել Բարոն: Նա հայտարարել է, որ Սիրիա է եկել այդ երկրի անցումային կառավարությանը հաղորդելու շատ հստակ ու շատ կոշտ ազդակներ՝ քաղաքական անցման առումով արևմուտքի ակնկալիքների մասին, ինչն էլ կնպաստի Դամասկոսին վերականգնմանը:	https://www.youtube.com/watch?v=5MUL4sGH9jU	https://www.1in.am/3511995.html
Արագածոտնի մարզում հիմնանորոգվել է Թաթուլ-Կանչ-Հակո ճանապարհը | 1in.am	06 Հունվար, 2025 19:15	Արագածոտնի մարզում հիմնանորոգվել է Թաթուլ-Կանչ-Հակո մոտ 12կմ երկարությամբ ճանապարհը։ Մի քանի տասնամյակ ճանապարհը չէր նորոգվել ու անանցանելի էր դարձել։ Նորոգված ճանապարհը միմյանց է կապում մարզի մի քանի գյուղեր։ Կարևոր այս ենթակառուցվածքի բարելավումը, տեղի բնակիչների խոսքով, իրենց համար լուծում է սոցիալական և տնտեսական մի շարք խնդիրներ։ Այդ մասին հայտնում են «Ճանապարհային դեպարտամենտ» հիմնադրամից: Հիմնանորոգումը կատարվել է ՀՀ պետական բյուջեի միջոցներով։	https://www.youtube.com/watch?v=5MUL4sGH9jU	https://www.1in.am/3511998.html
70 | 1in.am			https://www.youtube.com/watch?v=5MUL4sGH9jU	https://www.1in.am/3511996.html
60 | 1in.am			https://www.youtube.com/watch?v=5MUL4sGH9jU	https://www.1in.am/3511999.html
70 | 1in.am			https://www.youtube.com/watch?v=5MUL4sGH9jU	https://www.1in.am/3511990.html
