Title	Date	Content	URL	YouTube_Links
Թենիսիստ Էլինա Ավանեսյանը պարտություն է կրել Մադրիդի մրցաշարի մեկնարկում | 1in.am	22 Ապրիլ, 2025 17:40	Պրոֆեսիոնալ թենիսիստ Էլինա Ավանեսյանը պարտությամբ է մեկնարկել «Madrid Open» մրցաշարում: WTA-1000 շարքի Իսպանիայի մայրաքաղաք Մադրիդում մեկնարկած մրցաշարի անդրանիկ շրջանում Էլինա Ավանեսյանը մրցել է աշխարհի 71-րդ ռակետ ամերիկացի Քերոլայն Դոուլհայդի հետ: Մոտ 1,5 ժամ ձգված մրցախաղում Ավանեսյանը պարտվել է երկու սեթում` 6:4, 6:4 հաշվով:    	https://www.1in.am/3557712.html	No YouTube links found
Ֆրանսիան Ռուսաստանի դիվանագետներին չի հրավիրել Հաղթանակի օրվա տոնակատարությանը | 1in.am	22 Ապրիլ, 2025 18:10	Ֆրանսիական կողմը Փարիզում Ռուսաստանի դեսպանատան դիվանագետներին չի հրավիրել Հաղթանակի օրվա տոնակատարությանը: Այդ մասին «ՌԻԱ Նովոստի» գործակալությանը հայտնել է Ֆրանսիայում Ռուսաստանի Դաշնության դեսպան Ալեքսեյ Մեշկովը։ «Խորհրդային Միությունն իր վրա ընդունեց վճռական հարվածը ֆաշիզմի դեմ պայքարում. Հայրենական մեծ պատերազմում զոհվել է 27 միլիոն մարդ: Չնայած դրան, Ռուսաստանի ներկայացուցիչներն արդեն առաջին տարին չէ, որ չեն հրավիրվել Ֆրանսիայում հիշատակի պաշտոնական միջոցառումներին, որոնք նվիրված են ֆաշիզմի նկատմամբ տարած հաղթանակին», – ասել է դիվանագետը:    	https://www.1in.am/3557715.html	No YouTube links found
Շվեյցարիան միացել է Ռուսաստանի լրատվամիջոցների դեմ պատժամիջոցներին | 1in.am	22 Ապրիլ, 2025 23:10	Շվեյցարիան առաջին անգամ միացել է ռուսական լրատվամիջոցների դեմ եվրոպական պատժամիջոցներին: Այս մասին տեղեկանում է «ՌԻԱ Նովոստի» գործակալությունից։ Խոսքն ութ զանգվածային լրատվամիջոցների մասին է՝ EADaily, «Լենտա», News Front, RuBaltic, «Յուժնի Ֆրոնտ», «Ռազմավարական մշակույթի հիմնադրամ», «Կրասնայա զվեզդա» և Fondsk։ Եվրամիությունը դրանք ներառել է փետրվարին հաստատված հակառուսական պատժամիջոցների 16-րդ փաթեթի մեջ։ Նշվում է, որ ըստ Տնտեսական հարցերի պետական ​​քարտուղարության (SECO) հրապարակած փաստաթղթի՝ Շվեյցարիան նույնպես այդ հրատարակությունները ներառել է իր պատժամիջոցների ցանկում։ Այն ուժի մեջ կմտնի ապրիլի 23-ից։ Մինչ այս Շվեյցարիան մամուլի ազատությունը հարգելու նկատառումներով երբեք չի միացել ԶԼՄ-ների դեմ պատժամիջոցներին: Ռուսական ԶԼՄ-ների հետ կապված իրավիճակն Արևմուտքում վերջին տարիներին գնալով ավելի է բարդանում։ Դեռևս 2016 թ. նոյեմբերին Եվրախորհրդարանը բանաձև ընդունեց, որում ասվում էր ռուսական ԶԼՄ-ներին հակազդելու անհրաժեշտության մասին՝ գլխավոր սպառնալիքը նշելով Sputnik-ն ու RT-ն։ Վերջերս ԵՄ-ն պատժամիջոցներ է սահմանել ռուսական խոշոր մեդիաների դեմ՝ արգելելով դրանց հեռարձակումը ԵՄ-ի տարածքում։ Ընդ որում, այս որոշումն ընդունվել է առանց դատարան կամ ազգային կարգավորող մարմիններին դիմելու, որոնք պատասխանատու են իրենց երկրների մեդիաշուկաների համար։ Բացի այդ, Բրյուսելում ԵՄ-ի կառույցներին առընթեր լրագրողների հավատարմագրման հանձնաժողովը հրաժարվել է երկարաձգել «ՌԻԱ Նովոստի»-ի հավատարմագրումը 2025 թվականի համար՝ պատճառաբանելով պատժամիջոցներից բխող սահմանափակումները. գործակալությունը բողոքարկել է այս որոշումը։ Միևնույն ժամանակ ԵՄ-ն, ավելի վաղ պատժամիջոցներ սահմանելով ռուսական ԶԼՄ-ների դեմ, քանիցս ընդգծել է, որ սահմանափակումները չեն վերաբերում նրանց աշխատակիցների լրագրողական գործունեությանը։  	https://www.1in.am/3557718.html	No YouTube links found
Հայաստանը վերահաստատում է բաց սահմանների և անխափան գործող ճանապարհների և տրանսպորտային ենթակառուցվածքների անհրաժեշտությունը | 1in.am	23 Ապրիլ, 2025 00:50	Բանգկոկում ընթացող ՄԱԿ Ասիա-խաղաղօվկիանոսյան տարածաշրջանի տնտեսական և սոցիալական հանձնաժողովի (UNESCAP) 81-րդ նստաշրջանի շրջանակներում Հայաստանի արտաքին գործերի նախարարի տեղակալ Ռոբերտ Աբիսողոմոնյանը մասնակցել և ելույթով հանդես է եկել «Առավել նվազ զարգացած, դեպի ծով ելք չունեցող զարգացող և փոքր կղզի զարգացող պետությունների հարցերով հատուկ մարմին» խորագրով քննարկմանը։ Ինչպես  տեղեկանում է ՀՀ ԱԳ նախարարության տարածած հաղորդագրությունից, Ռոբերտ Աբիսողոմոնյանն իր ելույթում բարձր է գնահատել Դեպի ծով ելք չունեցող երկրների (LLDC) առջև ծառացած բազմաշերտ մարտահրավերների հասցեագրմանն ուղղված ՄԱԿ Ասիա-խաղաղօվկիանոսյան տարածաշրջանի տնտեսական և սոցիալական հանձնաժողովի աջակցությունը։ ՀՀ ԱԳ նախարարի տեղակալն ընդգծել է, որ Հայաստանը՝ որպես դեպի ծով ելք չունեցող զարգացող երկիր, վերահաստատում է ներառական փոխկապակցվածության, բաց սահմանների և անխափան գործող ճանապարհների և տրանսպորտային ենթակառուցվածքների անհրաժեշտությունը: Այս համատեքստում ԱԳ նախարարի տեղակալն անդրադարձել է Հայաստանի Հանրապետության կառավարության «Խաղաղության խաչմերուկ» հայեցակարգին՝ վերահաստատելով ՀՀ հանձնառությունը տարածաշրջանում խաղաղության և համագործացկության հաստատմանը՝ ուղղված մարդկանց, ապրանքների և ծառայությունների անխափան տեղաշարժի ապահովմանը: ԱԳ նախարարի տեղակալը վերահաստատել է նաև ՀՀ պատրաստակամությունը՝ սերտորեն աշխատել բոլոր շահագրգիռ գործընկերների հետ՝ խթանելու հավասար և ոչ խտրական փոխկապակցվածությունը Հարավային Կովկասում և դրա սահմաններից դուրս:  	https://www.1in.am/3557721.html	No YouTube links found
Պուտինը չի մեկնի Հռոմի Պապի հուղարկավորությանը | 1in.am	22 Ապրիլ, 2025 20:50	ՌԴ նախագահ Վլադիմիր Պուտինը չի ծրագրում մեկնել Հռոմի Պապ Ֆրանցիսկոսի հուղարկավորությանը. հայտնել է նրա խոսնակ Դմիտրի Պեսկովը։ Նա հավելել է, որ դեռ որոշում չի կայացվել՝ ով է Ռուսաստանից մասնակցելու հոգեհանգստի արարողություններին։ Նա անդրադարձել է նաև քաղաքացիական օբյեկտների վրա հարվածների դադարեցման վերաբերյալ Մոսկվա-Կիև հնարավոր բանակցություններին՝ նշելով, որ այդ կապակցությամբ կոնկրետ պլաններ առայժմ չկան․ «Նախագահ Պուտինը հաստատել է այդ հարցը քննարկելու պատրաստակամությունը՝ հաշվի առնելով Զատկի ժամանակավոր հաշտության փորձը, սակայն կոնկրետ մանրամասներ չկան», – պարզաբանել է Կրեմլի խոսնակը։ Պեսկովի հիմնական հայտարարությունները. – Քաղաքացիական ենթակառուցվածքների վրա հարվածները դադարեցնելու մասին բանակցությունների առաջարկը պետք է վերլուծվի՝ հաշվի առնելով Զատկի հաշտության փորձը։ – Դեռևս որոշում չկա, թե Հռոմի Պապ Ֆրանցիսկոսի հուղարկավորության ժամանակ ով կներկայացնի Ռուսաստանը։ – Կրեմլը կտեղեկացնի Ուիթքոֆի՝ Ռուսաստան հնարավոր այցի մասին, եթե այն կայանա։ – Երեքշաբթի Պուտինը բանակցություններ կվարի Օմանի սուլթանի հետ, տեղի կունենա նաև փաստաթղթերի փոխանակում։	https://www.1in.am/3557724.html	No YouTube links found
«4 հողամաս վերադարձվել է Եղեգնաձորին». վարչապետ | 1in.am	22 Ապրիլ, 2025 18:40	ՀՀ վարչապետ Նիկոլ Փաշինյանը սոցցանցի իր էջում գրել է. «#հատիկառհատիկ Դատարանի վճռով Վայոց ձորի մարզի Եղեգնաձոր խոշորացված համայնքի սեփականության իրավունքն է վերականգնվել Մալիշկա բնակավայրում գտնվող՝ 7000 քմ (0,7 հա) ընդհանուր մակերեսով 4 հողամասերի նկատմամբ: Հողամասերը «գյուղատնտեսական» նպատակային նշանակությամբ տարածքներ են (1 վարելահող և 3 արոտավայր), որոնց շուկայականին մոտարկված կադաստրային արժեքն ընդհանուր 152.000 ՀՀ դրամ է»:	https://www.1in.am/3557727.html	No YouTube links found
«Հայաստանը կարող է կորցնել, եթե ներքաշվի աշխարհաքաղաքական խաղի մեջ». Գրուշկո | 1in.am	22 Ապրիլ, 2025 16:30	«Մոսկվան անհանգստացած է ԵՄ-ին անդամակցելու՝ Երևանի նկրտումներով. Հայաստանը վտանգում է կորցնել ԵԱՏՄ-ի առավելությունները, եթե Արևմուտքը նրան ներքաշի իր աշխարհաքաղաքական խաղերի մեջ»․ լրագրողներին ասել է ՌԴ ԱԳ փոխնախարար Ալեքսանդր Գրուշկոն։ ՏԱՍՍ-ի հարցին՝ Մոսկվան մտահոգվա՞ծ է ԵՄ-ին միանալու՝ Երևանի ձգտումներով, Գրուշկոն դրական է պատասխանել․ «Բնականաբար, Հայաստանի՝ ԵՄ-ին անդամակցելու ձգտումները մտահոգիչ են, քանի որ նման նկրտումներն անհամատեղելի են ԵԱՏՄ-ին այս երկրի անդամակցության հետ, և մենք այդ մասին խոսում ենք հայ գործընկերների հետ մեր բազմաթիվ շփումներում»,- նշել է դիվանագետը։ «Հայտնի է, որ ԵԱՏՄ-ին մասնակցության շնորհիվ Հայաստանը դինամիկ զարգանում է, տնտեսական աճ է նկատվում Հայաստանի բոլոր առանցքային ոլորտներում: Սա հսկայական հարստություն է, որը Հայաստանը կարող է կորցնել, եթե Արևմուտքը նրան ներքաշի իր աշխարհաքաղաքական խաղի մեջ՝ փորձելով պոկել Հայաստանը Ռուսաստանից և այլ բնական դաշնակիցներից»,- ընդգծել է փոխնախարարը։	https://www.1in.am/3557730.html	No YouTube links found
«Զատիկի զինադադարը մարկետինգային գործողություն էր». Բարրո | 1in.am	22 Ապրիլ, 2025 19:30	Ռուսաստանի հայտարարած Զատկի հրադադարը Ուկրաինայում ոչ այլ ինչ էր, քան ԱՄՆ նախագահ Դոնալդ Թրամփի վրա տպավորություն թողնելու փորձ․ FranceInfo-ին տված մեկնաբանության մեջ հայտարարել է Ֆրանսիայի արտգործնախարար Ժան-Նոել Բարրոն։ Ֆրանսիայի ԱԳ նախարարի խոսքով՝ Ռուսաստանի նախագահ Վլադիմիր Պուտինի ժեստը, այսպես կոչված, «Զատկի հրադադարի» վերաբերյալ, անկեղծ չէր և ուներ բացառապես քաղաքական ենթատեքստ: «Զատիկի զինադադարը, որը նա որոշակիորեն անսպասելի հայտարարեց, մարկետինգային ակտ էր, սիրալիր գործողություն, որի նպատակն էր ետ պահել նախագահ Թրամփին համբերությունը կորցնելուց և զայրանալուց», – ասել է նախարարը։	https://www.1in.am/3557733.html	No YouTube links found
Հայտնաբերվել է 322 ոչ սթափ վարորդ | 1in.am	22 Ապրիլ, 2025 19:20	Ապրիլի 14-ից 21-ը մայրաքաղաքում իրականացված ծառայության ընթացքում Երևանի պարեկները հայտնաբերել են ճանապարհային երթևեկության կանոնների 3508 խախտում՝ պահպանվող հատուկ տարածք է տեղափոխվելով 166 ավտոմեքենա։ Մասնավորապես, հայտնաբերվել է ոչ սթափ վիճակում մեքենա վարող՝ 128, առանց վարորդական իրավունքի վկայականի՝ 257 անձ։ Հայտնաբերվել են հաշվառման համարանիշի հետ կապված՝ 24, չամրակապված վարելու՝ 560, առանց մանկական նստատեղի՝ քարսիթի՝ 13, վարելու ընթացքում ծխելու ՝ 215, վարելիս հեռախոսից օգտվելու՝ 129, հետիոտնի՝ ոչ սահմանված վայրով անցնելու՝ 89 և 1554 այլ իրավախախտումներ։ 105 մեքենա շահագործվել է առանց ԱՊՊԱ պայմանագրի, 217-ը՝ տեխնիկական զննություն չանցած, 35-ը՝ լուսարձակների անսարքությամբ, 53-ը՝ թաղանթապատված դիմապակիով և կողային ապակիներով։ Բացի այդ, տարբեր կասկածանքներով ձերբակալվել ու Համայքային ոստիկանության տարբեր բաժիններ է տարվել 56 անձ։ Նույն ժամանակահատվածում մարզերում պարեկները հայտնաբերել են ճանապարհային երթևեկության կանոնների 12403 խախտում՝ պահպանվող հատուկ տարածքներ տեղափոխվելով 206 տրանսպորտային միջոց։ Հայտնաբերվել է ոչ սթափ վիճակում մեքենա վարող՝ 194, առանց վարորդական իրավունքի վկայականի՝ 518 անձ։ Հայտնաբերվել են հաշվառման համարանիշի հետ կապված՝ 64, կեղծ հաշվառման համարանիշով երթևեկող՝ 1, չամրակապված վարելու՝ 2820, առանց մանկական նստատեղի՝ քարսիթի՝ 196, վարելու ընթացքում ծխելու՝ 335, վարելիս հեռախոսից օգտվելու՝ 467, հետիոտնի՝ ոչ սահմանված վայրով անցնելու՝ 64, արագության գերազանցման՝ 1982 և 3773 այլ իրավախախտումներ։ 343 ավտոմեքենա շահագործվել է առանց ԱՊՊԱ պայմանագրի, 1159-ը՝ տեխնիկական զննություն չանցած, 372-ը՝ լուսարձակների անսարքությամբ, որից 6-ը՝ բեռնատարներ, 148-ը՝ թաղանթապատված դիմապակիով և կողային ապակիներով։ Բացի այդ, տարբեր կասկածանքով ձերբակալվել ու Համայնքային ոստիկանության տարածքային բաժիններ է տարվել 48 անձ։	https://www.1in.am/3557736.html	No YouTube links found
«Կիևի առաջարկը պետք է վերլուծել». Պեսկով | 1in.am	22 Ապրիլ, 2025 19:50	Քաղաքացիական ենթակառուցվածքների վրա հարձակումները դադարեցնելու՝ Կիևի առաջարկը պետք է վերլուծել՝ հաշվի առնելով Զատկի զինադադարի փորձը․ ասել է ՌԴ նախագահի մամուլի քարտուղար Դմիտրի Պեսկովը։ «Նրանք (ուկրաինական կողմը- խմբ.) առաջարկ են արել հարվածներ չհասցնել, սակայն այս թեման պետք է քննարկվի՝ հաշվի առնելով Զատկի զինադադարի փորձը»,- լրագրողներին ասել է Պեսկովը։ Նա նշել է, որ Ուկրաինայի հետ բանակցությունների կոնկրետ պլաններ չկան քաղաքացիական ենթակառուցվածքներին չհարվածելու մորատորիումի շուրջ։ «Ոչ, կոնկրետ պլաններ չկան, նախագահ Պուտինի կողմից կա պատրաստակամություն՝ քննարկել այդ հարցը։ Հաշվի առնելով Զատկի զինադադարի փորձը՝ այս առումով կոնկրետություն չկա», – ասել է Պեսկովը։	https://www.1in.am/3557739.html	No YouTube links found
Թարմացվել է երկակի և (կամ) ռազմական նշանակության չհանդիսացող ապրանքների ցանկը | 1in.am	22 Ապրիլ, 2025 19:40	Պետական եկամուտների կոմիտեն տեղեկացնում է, որ ՊԵԿ պաշտոնական կայքում՝ «Մաքսային գործի կազմակերպմանն առնչվող տեղեկություն» (իրավաբանական անձանց համար) բաժնի «Տեղեկատվություն մաքսային սահմանով տեղափոխվող ապրանքների արգելքների և սահմանափակումների վերաբերյալ» ենթաբաժնում, հրապարակվել է երկակի և (կամ) ռազմական նշանակության չհանդիսացող ապրանքների թարմացված ցանկը, որը ձևավորվել է նախկինում՝ մի շարք տարիների ուսումնասիրությունների արդյունքում։ Ցանկում ներառված են 57961 ռազմական և 13363 երկակի նշանակության չհանդիսացող ապրանքատեսակներ:	https://www.1in.am/3557742.html	No YouTube links found
«Պուտինը պատրաստ է ուկրաինական կողմի հետ շփումներին». Պեսկով | 1in.am	22 Ապրիլ, 2025 20:10	ՌԴ նախագահ Վլադիմիր Պուտինը բազմիցս հայտարարել է, որ պատրաստ է ուկրաինական կողմի հետ շփումներին․ ասել է ՌԴ նախագահի մամուլի քարտուղար Դմիտրի Պեսկովը։ «Россия 1»-ին տված հարցազրույցում Պեսկովը հիշեցրել է, որ ավելի վաղ Պուտինը, մեկնաբանելով քաղաքացիական օբյեկտներին հարվածները դադարեցնելու առաջարկը, ասել էր, որ թեման պետք է քննարկել երկկողմ շփումների միջոցով՝ նկատի ունենալով, որ դա Ուկրաինայի հետ կապի խողովակ է։ «Նախագահը բազմիցս հայտարարել է, որ պատրաստ է նման շփումների, և սա նրա հերթական առաջարկն է»,- ասել է Պեսկովը։	https://www.1in.am/3557745.html	No YouTube links found
Մեկ օրում բացահայտվել է 107 հանցագործություն. ՆԳՆ | 1in.am	22 Ապրիլ, 2025 20:00	"Բացահայտվել է 107 հանցագործություն, որոնցից 6-ը՝ նախկինում կատարված: Այս մասին տեղեկացնում է ՆԳՆ ոստիկանությունը: Մասնավորապես՝ 23 դեպք՝ տրանսպորտային միջոց վարելու իրավունքից զրկված կամ այդ իրավունքը կասեցված կամ այդ իրավունքը չունեցող անձի կողմից տրանսպորտային միջոց վարելու, 9 դեպք՝ խարդախության, 7 դեպք՝ անձնական ունեցվածքի գողության, 6-ական դեպք՝ թմրանյութի հայտնաբերման ու փաստաթղթեր կեղծելու, 5-ական դեպք՝ հոգեկան ներգործության ու պաշտոնեական կեղծիքի կամ անփութության, 4-ական դեպք՝ մարմնական վնասվածք պատճառելու և ֆիզիկական ներգործության, 3 դեպք՝ զենք-զինամթերքի առգրավման, 2-ական դեպք՝ մարդու առևանգման, խուլիգանության, թմրանյութի իրացման, պետական սահմանն ապօրինի հատելու, ծնողի կամ այլ մերձավոր ազգականի և երեխայի միջև տեսակցության իրականացմանը խոչընդոտելու և հետամտելու: Բացահայտվել են նաև մարդու թրաֆիքինգի կամ շահագործման, կողոպուտի, շորթման, ապօրինի ձեռնարկատիրական գործունեության, գույքը ոչնչացնելու կամ վնասելու, պաշտոնեական լիազորությունների չարաշահման, սեքսուալ բնույթի բռնի գործողությունների հարկադրելու, սուտ մատնության, ինքնիրավչության, գերեզմանն անարգանքի ենթարկելու և այլ դեպքեր։ Նախկինում կատարված հանցագործություններից բացահայտվել են՝ անձնական ունեցվածքի գողության՝ 4 դեպք, խարդախության ու գույքը ոչնչացնելու՝ 1-ական դեպք։ Հայտնաբերվել են 10 հետախուզվող և 1 անհետ կորած:
Գրանցվել է զենք-զինամթերքի կամավոր հանձնման 1 դեպք։ Անցած մեկ օրում գրանցված 22 ավտովթարի հետևանքով` 1 մարդ զոհվել է, 32 մարդ ստացել է տարբեր աստիճանի մարմնական վնասվածքներ:"	https://www.1in.am/3557748.html	No YouTube links found
Առաջիկա օրերին սպասվում է ֆեյքերի տարափ. Արայիկ Հարությունյան | 1in.am	22 Ապրիլ, 2025 20:20	"Հարգելի հայրենակիցներ, առաջիկա օրերին սպասվում է մեծ ծավալի կեղծ լուրերի՝ ֆեյքերի տարափ: Այդ մասին Ֆեյսբուքում գրել է վարչապետի աշխատակազմի ղեկավար Արայիկ Հարությունյանը: «Ֆեյքերի մեքենան միացված է, և Ազգային ժողովի ու Երևանի ավագանու ընդդիմադիրներն ապակայունացման մասովկան են: Ագիտպրոպի աշխատանքի ամենավառ օրինակն Ազգային ժողովի քաշքշուկի մեդիաուղեկցումն էր, որը ներկայացվեց իբրև բախում Ցեղասպանության քրեականացման թեմայով քննարկման ժամանակ, որը բացարձակապես իրականությանը չի համապատասխանում: Զարմանալի «զուգադիպությամբ» այդ մասին գրեց Բագրատ Գալստյանին աջակցող տելեգրամ ալիքը, շարունակեց 5-րդ ալիքը, միացավ ռուսական պետական «Ռիա-Նովոստի»-ն և, իհարկե, «Ազատություն» ռադիոկայանը: Սուտը տարածելուն օգնեց դաշնակցական պատգամավոր Իշխան Սաղաթելյանը: Մի ուշագրավ «լուր» էլ գնաց ռուսական մեդիադաշտում: Աշտարակի խճուղին փակվել էր մի քանի րոպեով: Ռուսական ազդեցիկ «Գազետա.ռու»-ն վերնագիր դրեց՝ «Հայաստանի քաղաքացիները սկսել են բողոքի ակցիաներ»: Այս ամենը հուշում է, որ առաջիկա օրերին մեծ քանակությամբ ֆեյքերի ենք ականատես լինելու: Խնդրում եմ, որևէ վերնագիր տեսնելիս ստուգել տեղեկատվության իսկությունը, նոր հավատալ դրան: Կոչ եմ անում նաև առավելագույնս տարածել այսօրինակ գրառումները, ինչը թույլ կտա զերծ պահել մեր քաղաքացիներին ավելորդ լարվածությունից: Ցավոք, հիբրիդային պատերազմները շատ երկրների համար դարձել են լուրջ, բայց հաղթահարելի խնդիր»,- ասված է գրառման մեջ: Հիշեցնենք՝ խորհրդարանի արտահերթ նիստում ԱԺ պատգամավոր Բաբկեն Թունյանի կողմից ներկայացված «ՀՀ հարկային օրենսգրքում լրացումներ և փոփոխություններ կատարելու մասին» օրենքի նախագիծը երկրորդ ընթերցմամբ և ամբողջությամբ ընդունելու մասին հարցի քննարկման ժամանակ լեզվակռիվ սկսվեց ԱԺ նախագահ Ալեն Սիմոնյանի և «Հայաստան» խմբակցության դաշնակցական անդամների միջև:
Դահլիճում իրավիճակը թեժացավ, պատգամավորները միջամտեցին՝ փորձելով իրավիճակը լիցքաթափել, հայտարարվեց 20 րոպե ընդմիջում: Նշենք՝ ԱԺ պետական-իրավական հարցերի մշտական հանձնաժողովի նախագահ Վլադիմիր Վարդանյանը հերքեց լուրերը, թե ԱԺ-ում միջադեպի պատճառը եղել է ընդդիմության կողմից Ցեղասպանությունը հերքելու դեմ նախագիծ ներկայացնելը: Ալեն Սիմոնյանն էլ ասաց, որ այդ ամենն արվում է նրա համար, որ վաղվա միջոցառամանն (Ջահերով երթ – խմբ.) ավելի շատ մարդ մասնակցի, բացի դրանից՝ հիշեցրեց՝  ցեղասպանության հերքումը արդեն իսկ քրեականացված է ՀՀ քրեական օրենսգրքով (հոդված 136 – խմբ.):"	https://www.1in.am/3557751.html	No YouTube links found
Ուկրաինայի, Մեծ Բրիտանիայի, Ֆրանսիայի և Միացյալ Նահանգների ներկայացուցիչները կհանդիպեն Լոնդոնում. Զելենսկի | 1in.am	22 Ապրիլ, 2025 20:30	Վոլոդիմիր Զելենսկին հայտնել է, որ ապրիլի 23-ին Լոնդոնում տեղի կունենա Ուկրաինայի, Մեծ Բրիտանիայի, Ֆրանսիայի և Միացյալ Նահանգների ներկայացուցիչների հանդիպումը: «Հավատարիմ ենք մեր կառուցողական դիրքորոշմանը՝ հասնելու հրադադարի, այնուհետև՝ տևական խաղաղության։ Զատիկը ցույց տվեց, որ հենց Ռուսաստանի գործողությունների պատճառով է պատերազմը ձգձգվում», – նշել է Ուկրաինայի նախագահը։ Զելենսկին ընդունել է, որ Զատկի օրերին օդային տագնապներ չեն հայտարարվել, շփման գծի որոշ հատվածներում էլ մարտեր չեն եղել: «Այնպես որ, եթե Ռուսաստանը կրճատի հարվածները, հրադադարը հնարավոր կլինի: Համենայն դեպս ուկրաինական կողմը հավատարիմ է իր առաջարկին և չի թիրախավորում քաղաքացիական ենթակառուցվածքները», – շեշտել է Զելենսկին: Նա հավելել է՝ Կիևը սպասում է Մոսկվայի պատասխանին և պատրաստ է ցանկացած բանակցությունների: Մարտի դաշտում իրավիճակի մասին մանրամասներ է ներկայացրել Ուկրաինայի զինված ուժերի գլխավոր հրամանատարը: Ալեքսանդր Սիրսկու խոսքով՝ այժմ ինտենսիվ մարտեր են Կուրսկի ուղղությամբ: Նաև հայտնի է, որ ռուսական ուժերը հարվածել են Օդեսային և Սումիին, կան ավերածություններ և վիրավորներ:	https://www.1in.am/3557754.html	No YouTube links found
Տնտեսական հարցերով միջկառավարական հանձնաժողովի նիստում տեղեկատվություն է փոխանակվել Հայաստանի և Տաջիկստանի ներդրումային միջավայրի վերաբերյալ | 1in.am	22 Ապրիլ, 2025 20:40	2025 թվականի ապրիլի 22-ին Դուշանբեում կայացել է Հայաստանի Հանրապետության և Տաջիկստանի Հանրապետության միջև տնտեսական համագործակցության հարցերով միջկառավարական հանձնաժողովի IV նիստը։ Այդ մասին հայտնում են Ղազախստանում ՀՀ դեսպանությունից: Նիստն անց է կացվել ՀՀ էկոնոմիկայի նախարար Գևորգ Պապոյանի և Տաջիկստանի Հանրապետության տնտեսական զարգացման և առևտրի նախարար Զավքիզոդա Զավկիի համանախագահության ներքո։ Շահագրգիռ նախարարությունների և գերատեսչությունների ներկայացուցիչների մասնակցությամբ կայացած նիստի ընթացքում դիտարկվել է նախկինում ձեռք բերված պայմանավորվածությունների կատարման ընթացքը, տեղեկատվություն է փոխանակվել երկրների մակրոտնտեսական իրավիճակի և ներդրումային միջավայրի վերաբերյալ։ Մանրամասնորեն քննարկվել են Հայաստանի և Տաջիկստանի միջև առևտրի, էներգետիկայի, արդյունաբերության, տրանսպորտի, տեղեկատվական տեխնոլոգիաների, գյուղատնտեսության և այլն ոլորտներում համագործակցության առանցքային հարցերը։ Կառուցողական մոտեցմամբ նախանշվել են միջկառավարական հանձնաժողովի հետագա քայլերը՝ մոտ հեռանկարում երկկողմ փոխադարձ առևտրի ապրանքացանկի և ծավալի ընդլայնման միտումով։ Հանդիպման արդյունքներով ստորագրվել է Միջկառավարական հանձնաժողովի IV նիստի արձանագրությունն, ինչպես նաև վերահաստատվել է Հայաստանի և Տաջիկստանի միջև փոխշահավետ առևտրատնտեսական համագործակցության ներուժը բացահայտման նպատակով անհրաժեշտ ջանքեր գործադրելու փոխադարձ պատրաստակամությունը։	https://www.1in.am/3557758.html	No YouTube links found
Երևանում ավտոմեքենա է այրվել | 1in.am	22 Ապրիլ, 2025 22:20	Ապրիլի 22-ին՝ ժամը 12:20-ին, Ճգնաժամային կառավարման ազգային կենտրոն ահազանգ է ստացվել, որ Երևան քաղաքի Ալեք Մանուկյան փողոցում այրվում է կայանած ավտոմեքենա։ ՆԳՆ Փրկարար ծառայությունը տեղեկացնում է, որ դեպքի վայր է մեկնել ՆԳՆ ՓԾ Երևան քաղաքի փրկարարական վարչության հրշեջ-փրկարարական ջոկատից մեկ մարտական հաշվարկ: Հրդեհը մեկուսացվել է ժամը 12։33-ին, մարվել՝ 12։40-ին։ Մասամբ այրվել է «Hyundai» մակնիշի ավտոմեքենան։	https://www.1in.am/3557761.html	No YouTube links found
Թեհրանում հայտնել են, որ Ռուսաստանը մեծ դեր ունի Իրան-ԱՄՆ բանակցություններում | 1in.am	22 Ապրիլ, 2025 23:30	Ռուսաստանն էական խաղում է Իրանի և ԱՄՆ-ի միջև միջուկային թեմայի շուրջ բանակցություններում։ Ինչպես  տեղեկանում է Tasnim գործակալությունից, այս մասին մամուլի ասուլիսում հայտնել է Իրանի նախագահի վարչակազմի խոսնակ Ֆաթեմե Մոհաջերանին՝ պատասխանելով Մասկատում և Հռոմում Իրանի և ԱՄՆ-ի միջև անուղղակի բանակցություններում քննարկված թեմաների վերաբերյալ հարցերին։ Նա նաև նշել է, որ մի շարք հարցեր Իրանի համար կարմիր գծեր են և կարող են ընդհանրապես բանակցությունների ենթակա չլինել։ Նշելով Իրանի տեսանկյունից Ռուսաստանի կարևոր դերը՝ նա շեշտել է, որ Թեհրանը և Մոսկվան զբաղված են միջուկային համագործակցությամբ, ինչը Ռուսաստանին նշանակալի դեր է տալիս Իրանի և ԱՄՆ-ի միջև բանակցություններում։ Խոսնակը կրկին շեշտել է, որ բանակցությունները կենտրոնացած են Իրանի դեմ պատժամիջոցների արդյունավետ վերացման վրա՝ իր միջուկային ծրագրի նկատմամբ վստահության ամրապնդման հետագա քայլերի դիմաց։ «Բանակցությունները մինչ այժմ լավ առաջընթաց են գրանցել: Մենք ակնկալում ենք հասնել լավ գործարքի, որը կապահովի ժողովրդի շահերը: Հավատում ենք, որ կարճաժամկետ հեռանկարում ազգային շահերի պաշտպանության դեպքում հնարավոր է հասնել լավ գործարքի», – ասել է Մոհաջերանին: Իրանի և ԱՄՆ-ի պատվիրակությունները վերջին երկու շաբաթվա ընթացքում Օմանում և Իտալիայում բանակցությունների երկու փուլ են անցկացրել՝ Իրանի միջուկային ծրագրի շուրջ համաձայնության հասնելու և Իրանի դեմ պատժամիջոցների վերացման նպատակով: Կողմերը պայմանավորվել են շարունակել տեխնիկական բանակցությունները փորձագետների մակարդակով Օմանում ապրիլի 23-ին, որին կհաջորդի բարձրաստիճան բանակցողների հանդիպումն ապրիլի 26-ին։  	https://www.1in.am/3557764.html	No YouTube links found
Դուք մարդասպան, թալանչի Վարդանիկի կցորդն եք, չմոռանաք սա․ Խաչատրյանը՝ «Մայր Հայաստանին» | 1in.am	22 Ապրիլ, 2025 14:36		https://www.1in.am/3557767.html	No YouTube links found
Սինխրոնիզացված կերպով լարեցին իրավիճակն ԱԺ-ում, ռուսական մամուլն էլ անմիջապես վերցրեց․ Ալեքսանյան | 1in.am	22 Ապրիլ, 2025 14:47		https://www.1in.am/3557770.html	No YouTube links found
Տիկի՛ն Փոստանջյան, դուք «բազառում» չեք․ լեզվակռիվն ավագանու նիստին շարունակվում է | 1in.am	22 Ապրիլ, 2025 15:15		https://www.1in.am/3557773.html	No YouTube links found
Ձեր մակարդակը ցածրացրել եք․ փառք Աստծո՝ չենք անդրադառնում հագուստիս չերևացող մասերին․ Փամբուխչյան | 1in.am	22 Ապրիլ, 2025 15:25		https://www.1in.am/3557776.html	No YouTube links found
